CREATE DATABASE ocp_ocp;
USE ocp_ocp;

-- Create Users Table
CREATE TABLE Users (
    user_id INT PRIMARY KEY AUTO_INCREMENT,
    username VARCHAR(50) NOT NULL UNIQUE,
    password VARCHAR(255) NOT NULL,
    email VARCHAR(100) NOT NULL UNIQUE,
    phone_number VARCHAR(15),
    user_type ENUM('student', 'instructor', 'admin') NOT NULL,
    registration_date TIMESTAMP DEFAULT CURRENT_TIMESTAMP
) ENGINE=InnoDB DEFAULT CHARSET=utf8mb4 COLLATE=utf8mb4_general_ci;

-- Create Courses Table
CREATE TABLE Courses (
    course_id INT PRIMARY KEY AUTO_INCREMENT,
    course_name VARCHAR(100) NOT NULL,
    description TEXT,
    instructor_id INT,
    price DECIMAL(10, 2),
    duration VARCHAR(50),
    category VARCHAR(50),
    created_date DATE DEFAULT CURRENT_DATE,
    FOREIGN KEY (instructor_id) REFERENCES Users(user_id) ON DELETE SET NULL
) ENGINE=InnoDB DEFAULT CHARSET=utf8mb4 COLLATE=utf8mb4_general_ci;

-- Create Enrollments Table
CREATE TABLE Enrollments (
    enrollment_id INT PRIMARY KEY AUTO_INCREMENT,
    user_id INT,
    course_id INT,
    enrollment_date DATE DEFAULT CURRENT_DATE,
    progress INT,
    status ENUM('active', 'completed', 'dropped'),
    FOREIGN KEY (user_id) REFERENCES Users(user_id) ON DELETE CASCADE,
    FOREIGN KEY (course_id) REFERENCES Courses(course_id) ON DELETE CASCADE
) ENGINE=InnoDB DEFAULT CHARSET=utf8mb4 COLLATE=utf8mb4_general_ci;

-- Create Lessons Table
CREATE TABLE Lessons (
    lesson_id INT PRIMARY KEY AUTO_INCREMENT,
    course_id INT,
    lesson_title VARCHAR(100) NOT NULL,
    content TEXT,
    sequence INT,
    FOREIGN KEY (course_id) REFERENCES Courses(course_id) ON DELETE CASCADE
) ENGINE=InnoDB DEFAULT CHARSET=utf8mb4 COLLATE=utf8mb4_general_ci;

-- Create Assignments Table
CREATE TABLE Assignments (
    assignment_id INT PRIMARY KEY AUTO_INCREMENT,
    course_id INT,
    title VARCHAR(100) NOT NULL,
    description TEXT,
    due_date DATE,
    max_marks INT,
    FOREIGN KEY (course_id) REFERENCES Courses(course_id) ON DELETE CASCADE
) ENGINE=InnoDB DEFAULT CHARSET=utf8mb4 COLLATE=utf8mb4_general_ci;

-- Create Submissions Table
CREATE TABLE Submissions (
    submission_id INT PRIMARY KEY AUTO_INCREMENT,
    assignment_id INT,
    user_id INT,
    submission_date DATE DEFAULT CURRENT_DATE,
    file_path VARCHAR(255),
    marks_awarded FLOAT,
    FOREIGN KEY (assignment_id) REFERENCES Assignments(assignment_id) ON DELETE CASCADE,
    FOREIGN KEY (user_id) REFERENCES Users(user_id) ON DELETE CASCADE
) ENGINE=InnoDB DEFAULT CHARSET=utf8mb4 COLLATE=utf8mb4_general_ci;

-- Create Reviews Table
CREATE TABLE Reviews (
    review_id INT PRIMARY KEY AUTO_INCREMENT,
    user_id INT,
    course_id INT,
    rating INT CHECK (rating BETWEEN 1 AND 5),
    review_text TEXT,
    review_date DATE DEFAULT CURRENT_DATE,
    FOREIGN KEY (user_id) REFERENCES Users(user_id) ON DELETE CASCADE,
    FOREIGN KEY (course_id) REFERENCES Courses(course_id) ON DELETE CASCADE
) ENGINE=InnoDB DEFAULT CHARSET=utf8mb4 COLLATE=utf8mb4_general_ci;

-- Create Payments Table
CREATE TABLE Payments (
    payment_id INT PRIMARY KEY AUTO_INCREMENT,
    user_id INT,
    course_id INT,
    amount DECIMAL(10, 2),
    payment_date DATE DEFAULT CURRENT_DATE,
    payment_status VARCHAR(50),
    FOREIGN KEY (user_id) REFERENCES Users(user_id) ON DELETE CASCADE,
    FOREIGN KEY (course_id) REFERENCES Courses(course_id) ON DELETE CASCADE
) ENGINE=InnoDB DEFAULT CHARSET=utf8mb4 COLLATE=utf8mb4_general_ci;

-- Create Categories Table
CREATE TABLE Categories (
    category_id INT PRIMARY KEY AUTO_INCREMENT,
    category_name VARCHAR(100) NOT NULL
) ENGINE=InnoDB DEFAULT CHARSET=utf8mb4 COLLATE=utf8mb4_general_ci;

-- Create Notifications Table
CREATE TABLE Notifications (
    notification_id INT PRIMARY KEY AUTO_INCREMENT,
    user_id INT,
    message TEXT,
    created_date DATE DEFAULT CURRENT_DATE,
    notification_status VARCHAR(50),
    FOREIGN KEY (user_id) REFERENCES Users(user_id) ON DELETE CASCADE
) ENGINE=InnoDB DEFAULT CHARSET=utf8mb4 COLLATE=utf8mb4_general_ci;

-- Create Forums Table
CREATE TABLE Forums (
    forum_id INT PRIMARY KEY AUTO_INCREMENT,
    forum_name VARCHAR(255) NOT NULL,
    description TEXT,
    created_date DATETIME DEFAULT CURRENT_TIMESTAMP,
    updated_date DATETIME DEFAULT CURRENT_TIMESTAMP ON UPDATE CURRENT_TIMESTAMP,
    created_by INT,
    FOREIGN KEY (created_by) REFERENCES Users(user_id) ON DELETE SET NULL
) ENGINE=InnoDB DEFAULT CHARSET=utf8mb4 COLLATE=utf8mb4_general_ci;

-- Create Forum_Posts Table
CREATE TABLE Forum_Posts (
    post_id INT PRIMARY KEY AUTO_INCREMENT,
    forum_id INT,
    user_id INT,
    post_content TEXT,
    created_date DATETIME DEFAULT CURRENT_TIMESTAMP,
    updated_date DATETIME DEFAULT CURRENT_TIMESTAMP ON UPDATE CURRENT_TIMESTAMP,
    FOREIGN KEY (forum_id) REFERENCES Forums(forum_id) ON DELETE CASCADE,
    FOREIGN KEY (user_id) REFERENCES Users(user_id) ON DELETE CASCADE
) ENGINE=InnoDB DEFAULT CHARSET=utf8mb4 COLLATE=utf8mb4_general_ci;

-- Create Subjects Table
CREATE TABLE Subjects (
    subject_id INT PRIMARY KEY AUTO_INCREMENT,
    subject_name VARCHAR(255) NOT NULL,
    description TEXT,
    created_date DATETIME DEFAULT CURRENT_TIMESTAMP,
    updated_date DATETIME DEFAULT CURRENT_TIMESTAMP ON UPDATE CURRENT_TIMESTAMP
) ENGINE=InnoDB DEFAULT CHARSET=utf8mb4 COLLATE=utf8mb4_general_ci;

-- Create Course_Subjects Table
CREATE TABLE Course_Subjects (
    course_id INT,
    subject_id INT,
    PRIMARY KEY (course_id, subject_id),
    FOREIGN KEY (course_id) REFERENCES Courses(course_id) ON DELETE CASCADE,
    FOREIGN KEY (subject_id) REFERENCES Subjects(subject_id) ON DELETE CASCADE
) ENGINE=InnoDB DEFAULT CHARSET=utf8mb4 COLLATE=utf8mb4_general_ci;



INSERT INTO Users (user_id, username, password, email, phone_number, user_type, registration_date) VALUES
(1, 'alice_smith', 'password1', 'alice.smith@example.com', '555-0101', 'student', '2023-01-01'),
(2, 'bob_johnson', 'password2', 'bob.johnson@example.com', '555-0102', 'student', '2023-01-02'),
(3, 'charlie_brown', 'password3', 'charlie.brown@example.com', '555-0103', 'instructor', '2023-01-03'),
(4, 'david_wilson', 'password4', 'david.wilson@example.com', '555-0104', 'admin', '2023-01-04'),
(5, 'eve_davis', 'password5', 'eve.davis@example.com', '555-0105', 'student', '2023-01-05'),
(6, 'frank_miller', 'password6', 'frank.miller@example.com', '555-0106', 'instructor', '2023-01-06'),
(7, 'grace_lee', 'password7', 'grace.lee@example.com', '555-0107', 'student', '2023-01-07'),
(8, 'henry_taylor', 'password8', 'henry.taylor@example.com', '555-0108', 'instructor', '2023-01-08'),
(9, 'isabella_anderson', 'password9', 'isabella.anderson@example.com', '555-0109', 'student', '2023-01-09'),
(10, 'jack_thompson', 'password10', 'jack.thompson@example.com', '555-0110', 'admin', '2023-01-10'),
(11, 'karen_white', 'password11', 'karen.white@example.com', '555-0111', 'student', '2023-01-11'),
(12, 'luke_harris', 'password12', 'luke.harris@example.com', '555-0112', 'instructor', '2023-01-12'),
(13, 'mona_clark', 'password13', 'mona.clark@example.com', '555-0113', 'student', '2023-01-13'),
(14, 'nina_lewis', 'password14', 'nina.lewis@example.com', '555-0114', 'student', '2023-01-14'),
(15, 'oliver_robinson', 'password15', 'oliver.robinson@example.com', '555-0115', 'instructor', '2023-01-15'),
(16, 'paul_walker', 'password16', 'paul.walker@example.com', '555-0116', 'admin', '2023-01-16'),
(17, 'quinn_hall', 'password17', 'quinn .hall@example.com', '555-0117', 'student', '2023-01-17'),
(18, 'rachel_adams', 'password18', 'rachel.adams@example.com', '555-0118', 'instructor', '2023-01-18'),
(19, 'samuel_james', 'password19', 'samuel.james@example.com', '555-0119', 'student', '2023-01-19'),
(20, 'tina_martinez', 'password20', 'tina.martinez@example.com', '555-0120', 'admin', '2023-01-20'),
(21, 'uma_patel', 'password21', 'uma.patel@example.com', '555-0121', 'student', '2023-01-21'),
(22, 'victor_nguyen', 'password22', 'victor.nguyen@example.com', '555-0122', 'instructor', '2023-01-22'),
(23, 'wendy_kim', 'password23', 'wendy.kim@example.com', '555-0123', 'student', '2023-01-23'),
(24, 'xander_lee', 'password24', 'xander.lee@example.com', '555-0124', 'instructor', '2023-01-24'),
(25, 'yara_smith', 'password25', 'yara.smith@example.com', '555-0125', 'student', '2023-01-25'),
(26, 'zachary_jones', 'password26', 'zachary.jones@example.com', '555-0126', 'admin', '2023-01-26'),
(27, 'aaron_brown', 'password27', 'aaron.brown@example.com', '555-0127', 'student', '2023-01-27'),
(28, 'bella_wilson', 'password28', 'bella.wilson@example.com', '555-0128', 'instructor', '2023-01-28'),
(29, 'carl_johnson', 'password29', 'carl.johnson@example.com', '555-0129', 'student', '2023-01-29'),
(30, 'diana_miller', 'password30', 'diana.miller@example.com', '555-0130', 'admin', '2023-01-30'),
(31, 'edward_davis', 'password31', 'edward.davis@example.com', '555-0131', 'student', '2023-01-31'),
(32, 'fiona_clark', 'password32', 'fiona.clark@example.com', '555-0132', 'instructor', '2023-02-01'),
(33, 'george_harris', 'password33', 'george.harris@example.com', '555-0133', 'student', '2023-02-02'),
(34, 'hannah_lewis', 'password34', 'hannah.lewis@example.com', '555-0134', 'student', '2023-02-03'),
(35, 'ian_robinson', 'password35', 'ian.robinson@example.com', '555-0135', 'instructor', '2023-02-04'),
(36, 'julia_walker', 'password36', 'julia.walker@example.com', '555-0136', 'admin', '2023-02-05'),
(37, 'kevin_adams', 'password37', 'kevin.adams@example.com', '555-0137', 'student', '2023-02-06'),
(38, 'lily_nguyen', 'password38', 'lily.nguyen@example.com', '555-0138', 'instructor', '2023-02-07'),
(39, 'michael_kim', 'password39', 'michael.kim@example.com', '555-0139', 'student', '2023-02-08'),
(40, 'nora_jones', 'password40', 'nora.jones@example.com', '555-0140', 'admin', '2023-02-09'),
(41, 'olivia_smith', 'password41', 'olivia.smith@example.com', '555-0141', 'student', '2023-02-10'),
(42, 'peter_brown', 'password42', 'peter.brown@example.com', '555-0142', 'instructor', '2023-02-11'),
(43, 'quincy_johnson', 'password43', 'quincy.johnson@example.com', '555-0143', 'student', '2023-02-12'),
 (44, 'rachel_wilson', 'password44', 'rachel.wilson@example.com', '555-0144', 'admin', '2023-02-13'),
(45, 'sophia_davis', 'password45', 'sophia.davis@example.com', '555-0145', 'student', '2023-02-14'),
(46, 'tyler_miller', 'password46', 'tyler.miller@example.com', '555-0146', 'instructor', '2023-02-15'),
(47, 'uma_jones', 'password47', 'uma.jones@example.com', '555-0147', 'student', '2023-02-16'),
(48, 'victoria_harris', 'password48', 'victoria.harris@example.com', '555-0148', 'admin', '2023-02-17'),
(49, 'william_clark', 'password49', 'william.clark@example.com', '555-0149', 'student', '2023-02-18'),
(50, 'xena_adams', 'password50', 'xena.adams@example.com', '555-0150', 'instructor', '2023-02-19');


INSERT INTO Courses (course_id, course_name, description, instructor_id, price, duration, category, created_date) VALUES
(1, 'Introduction to Programming', 'Learn the basics of programming using Python.', 3, 199.99, '4 weeks', 'Computer Science', '2023-01-01'),
(2, 'Data Science Essentials', 'An introduction to data science concepts and tools.', 6, 299.99, '6 weeks', 'Data Science', '2023-01-02'),
(3, 'Web Development Bootcamp', 'Build websites using HTML, CSS, and JavaScript.', 8, 399.99, '8 weeks', 'Web Development', '2023-01-03'),
(4, 'Digital Marketing Strategies', 'Learn how to market products online effectively.', 15, 249.99, '5 weeks', 'Marketing', '2023-01-04'),
(5, 'Graphic Design Fundamentals', 'Explore the principles of graphic design.', 22, 199.99, '4 weeks', 'Design', '2023-01-05'),
(6, 'Machine Learning Basics', 'Introduction to machine learning concepts and algorithms.', 18, 349.99, '7 weeks', 'Data Science', '2023-01-06'),
(7, 'Mobile App Development', 'Create mobile applications for Android and iOS.', 24, 499.99, '10 weeks', 'Mobile Development', '2023-01-07'),
(8, 'Cybersecurity Fundamentals', 'Learn the basics of cybersecurity and how to protect systems.', 12, 299.99, '6 weeks', 'Cybersecurity', '2023-01-08'),
(9, 'Cloud Computing Basics', 'Introduction to cloud computing and its services.', 22, 249.99, '5 weeks', 'Cloud Computing', '2023-01-09'),
(10, 'Project Management Essentials', 'Learn the fundamentals of project management.', 3, 199.99, '4 weeks', 'Management', '2023-01-10'),
(11, 'Artificial Intelligence Concepts', 'Explore the basics of AI and its applications.', 35, 399.99, '8 weeks', 'AI', '2023-01-11'),
(12, 'Financial Analysis', 'Learn how to analyze financial statements and data.', 6, 299.99, '6 weeks', 'Finance', '2023-01-12'),
(13, 'Public Speaking Skills', 'Improve your public speaking and presentation skills.', 8, 199.99, '4 weeks', 'Communication', '2023-01-13'),
(14, 'Photography Basics', 'Learn the fundamentals of photography and editing.', 15, 149.99, '3 weeks', 'Art', '2023-01-14'),
(15, 'Introduction to SQL', 'Learn how to manage databases using SQL.', 12, 199.99, '4 weeks', 'Database', '2023-01-15'),
(16, 'Ethical Hacking', 'Learn the basics of ethical hacking and penetration testing.', 18, 399.99, '8 weeks', 'Cybersecurity', '2023-01-16'),
(17, 'User  Experience Design', 'Explore the principles of UX design.', 22, 299.99, '6 weeks', 'Design', '2023-01-17'),
(18, 'Social Media Marketing', 'Learn how to effectively market on social media platforms.', 15, 249.99, '5 weeks', 'Marketing', '2023-01-18'),
(19, 'Data Visualization', 'Learn how to visualize data using various tools.', 35, 299.99, '6 weeks', 'Data Science', '2023-01-19'),
(20, 'Introduction to Blockchain', 'Explore the fundamentals of blockchain technology.', 24, 349.99, '7 weeks', 'Blockchain', '2023-01-20'),
(21, 'Creative Writing', 'Develop your creative writing skills.', 8, 199.99, '4 weeks', 'Writing', '2023-01-21'),
(22, 'Introduction to Economics', 'Learn the basics of micro and macroeconomics.', 3, 199.99, '4 weeks', 'Economics', '2023-01-22'),
(23, 'Introduction to Statistics', 'Learn the fundamentals of statistics and data analysis.', 12, 249.99, '5 weeks', 'Statistics', '2023-01-23'),
(24, 'Introduction to Philosophy', 'Explore the basics of philosophical thought.', 15, 149.99, '3 weeks', 'Philosophy', '2023-01-24'),
(25, 'Introduction to Music Theory', 'Learn the basics of music theory and composition.', 22, 199.99, '4 weeks', 'Music', '2023-01-25'),
(26, 'Introduction to Game Development', 'Create your first game using Unity.', 35, 499.99, '10 weeks', 'Game Development', '2023-01-26'),
(27, 'Introduction to Robotics', 'Learn the basics of robotics and automation.', 18, 349.99, '7 weeks', 'Robotics', '2023-01-27'),
(28, 'Introduction to Data Analysis', 'Learn how to analyze data using Excel.', 12, 199.99, '4 weeks', 'Data Science', '2023-01-28'),
(29, 'Introduction to Web Design', 'Learn the basics of web design and development.', 8, 249.99, '5 weeks', 'Web Development', '2023-01-29'),
(30, 'Introduction to Artificial Intelligence', 'Explore the basics of AI and its applications.', 35, 399.99, '8 weeks', 'AI', '2023-01-30'),
(31, 'Introduction to Digital Art', 'Learn the fundamentals of digital art creation.', 22, 199.99, '4 weeks', 'Art', '2023-01-31'),
(32, 'Introduction to Data Mining', 'Learn the basics of data mining techniques.', 12, 299.99, '6 weeks', 'Data Science', '2023-02-01'),
(33, 'Introduction to Cybersecurity', 'Explore the fundamentals of cybersecurity.', 18, 349.99, '7 weeks', 'Cybersecurity', '2023-02-02'),
(34, 'Introduction to Cloud Security', 'Learn how to secure cloud environments.', 24, 299.99, '6 weeks', 'Cloud Computing', '2023-02-03'),
(35, 'Introduction to Agile Methodologies', 'Learn the basics of Agile project management.', 3, 199.99, '4 weeks', 'Management', '2023-02-04'),
(36, 'Introduction to Data Ethics', 'Explore the ethical considerations in data science.', 15, 249.99, '5 weeks', 'Data Science', '2023-02-05'),
(37, 'Introduction to E-commerce', 'Learn how to set up and run an online store.', 22, 199.99, '4 weeks', 'E-commerce', '2023-02-06'),
(38, 'Introduction to SEO', 'Learn the basics of search engine optimization.', 12, 199.99, '4 weeks', 'Marketing', '2023-02-07'),
(39, 'Introduction to Nonprofit Management', 'Learn how to manage nonprofit organizations.', 8, 249.99, '5 weeks', 'Management', '2023-02-08'),
(40, 'Introduction to Supply Chain Management', 'Explore the basics of supply chain management.', 3, 299.99, '6 weeks', 'Management', '2023-02-09'),
(41, 'Introduction to Business Analytics', 'Learn how to analyze business data.', 15, 299.99, '6 weeks', 'Business', '2023-02-10'),
(42, 'Introduction to Human Resources', 'Learn the basics of HR management.', 22, 199.99, '4 weeks', 'Management', '2023-02-11'),
(43, 'Introduction to International Relations', 'Explore the basics of international relations.', 12, 199.99, '4 weeks', 'Political Science', '2023-02-12'),
(44, 'Introduction to Environmental Science', 'Learn the fundamentals of environmental science.', 18, 249.99, '5 weeks', 'Science', '2023-02-13'),
(45, 'Introduction to Sociology', 'Explore the basics of sociology and social behavior.', 3, 199.99, '4 weeks', 'Social Science', '2023-02-14'),
(46, 'Introduction to Anthropology', 'Learn the fundamentals of anthropology.', 15, 149.99, '3 weeks', 'Social Science', '2023-02-15'),
(47, 'Introduction to Political Science', 'Explore the basics of political science.', 22, 199.99, '4 weeks', 'Political Science', '2023-02-16'),
(48, 'Introduction to History', 'Learn the fundamentals of history and historiography.', 12, 199.99, '4 weeks', 'History', '2023-02-17'),
(49, 'Introduction to Literature', 'Explore the basics of literary analysis.', 18, 199.99, '4 weeks', 'Literature', '2023-02-18'),
(50, 'Introduction to Creative Coding', 'Learn how to code creatively using Processing.', 24, 299.99, '6 weeks', 'Computer Science', '2023-02-19');

INSERT INTO Enrollments (enrollment_id, user_id, course_id, enrollment_date, progress, status) VALUES
(1, 1, 1, '2023-01-01', 0, 'active'),
(2, 2, 2, '2023-01-02', 0, 'active'),
(3, 3, 3 , '2023-01-03', 0, 'active'),
(4, 4, 4, '2023-01-04', 0, 'active'),
(5, 5, 5, '2023-01-05', 0, 'active'),
(6, 6, 6, '2023-01-06', 0, 'active'),
(7, 7, 7, '2023-01-07', 0, 'active'),
(8, 8, 8, '2023-01-08', 0, 'active'),
(9, 9, 9, '2023-01-09', 0, 'active'),
(10, 10, 10, '2023-01-10', 0, 'active'),
(11, 11, 11, '2023-01-11', 0, 'active'),
(12, 12, 12, '2023-01-12', 0, 'active'),
(13, 13, 13, '2023-01-13', 0, 'active'),
(14, 14, 14, '2023-01-14', 0, 'active'),
(15, 15, 15, '2023-01-15', 0, 'active'),
(16, 16, 16, '2023-01-16', 0, 'active'),
(17, 17, 17, '2023-01-17', 0, 'active'),
(18, 18, 18, '2023-01-18', 0, 'active'),
(19, 19, 19, '2023-01-19', 0, 'active'),
(20, 20, 20, '2023-01-20', 0, 'active'),
(21, 21, 21, '2023-01-21', 0, 'active'),
(22, 22, 22, '2023-01-22', 0, 'active'),
(23, 23, 23, '2023-01-23', 0, 'active'),
(24, 24, 24, '2023-01-24', 0, 'active'),
(25, 25, 25, '2023-01-25', 0, 'active'),
(26, 26, 26, '2023-01-26', 0, 'active'),
(27, 27, 27, '2023-01-27', 0, 'active'),
(28, 28, 28, '2023-01-28', 0, 'active'),
(29, 29, 29, '2023-01-29', 0, 'active'),
(30, 30, 30, '2023-01-30', 0, 'active'),
(31, 31, 31, '2023-01-31', 0, 'active'),
(32, 32, 32, '2023-02-01', 0, 'active'),
(33, 33, 33, '2023-02-02', 0, 'active'),
(34, 34, 34, '2023-02-03', 0, 'active'),
(35, 35, 35, '2023-02-04', 0, 'active'),
(36, 36, 36, '2023-02-05', 0, 'active'),
(37, 37, 37, '2023-02-06', 0, 'active'),
(38, 38, 38, '2023-02-07', 0, 'active'),
(39, 39, 39, '2023-02-08', 0, 'active'),
(40, 40, 40, '2023-02-09', 0, 'active'),
(41, 41, 41, '2023-02-10', 0, 'active'),
(42, 42, 42, '2023-02-11', 0, 'active'),
(43, 43, 43, '2023-02-12', 0, 'active'),
(44, 44, 44, '2023-02-13', 0, 'active'),
(45, 45, 45, '2023-02-14', 0, 'active'),
(46, 46, 46, '2023-02-15', 0, 'active'),
(47, 47, 47, '2023-02-16', 0, 'active'),
(48, 48, 48, '2023-02-17', 0, 'active'),
(49, 49, 49, '2023-02-18', 0, 'active'),
(50, 50, 50, '2023-02-19', 0, 'active');


INSERT INTO Lessons (lesson_id, course_id, lesson_title, content, sequence) VALUES
(1, 1, 'Introduction to Python', 'This lesson covers the basics of Python programming.', 1),
(2, 1, 'Data Types and Variables', 'Learn about different data types and how to use variables.', 2),
(3, 2, 'Data Science Overview', 'An introduction to the field of data science.', 1),
(4, 2, 'Data Cleaning Techniques', 'Learn how to clean and prepare data for analysis.', 2),
(5, 3, 'HTML Basics', 'Understand the structure of HTML documents.', 1),
(6, 3, 'CSS Fundamentals', 'Learn how to style web pages using CSS.', 2),
(7, 4, 'Digital Marketing Basics', 'Introduction to digital marketing strategies.', 1),
(8, 4, 'SEO Techniques', 'Learn about search engine optimization.', 2),
(9, 5, 'Principles of Design', 'Explore the fundamental principles of design.', 1),
(10, 5, 'Color Theory', 'Learn about color theory and its application in design.', 2),
(11, 6, 'Introduction to Machine Learning', 'Understand the basics of machine learning.', 1),
(12, 6, 'Supervised vs Unsupervised Learning', 'Learn the difference between supervised and unsupervised learning.', 2),
(13, 7, 'Mobile App Development Overview', 'Introduction to mobile app development.', 1),
(14, 7, 'Building Your First App', 'Learn how to create a simple mobile app.', 2),
(15, 8, 'Cybersecurity Fundamentals', 'Understand the basics of cybersecurity.', 1),
(16, 8, 'Common Cyber Threats', 'Learn about common threats in cybersecurity.', 2),
(17, 9, 'Cloud Computing Basics', 'Introduction to cloud computing concepts.', 1),
(18, 9, 'Types of Cloud Services', 'Learn about different types of cloud services.', 2),
(19, 10, 'Project Management Overview', 'Understand the basics of project management.', 1),
(20, 10, 'Agile Methodology', 'Learn about Agile project management techniques.', 2),
(21, 11, 'AI Overview', 'Introduction to artificial intelligence.', 1),
(22, 11, 'Machine Learning Algorithms', 'Learn about different machine learning algorithms.', 2),
(23, 12, 'Financial Statements', 'Understand the components of financial statements.', 1),
(24, 12, 'Analyzing Financial Data', 'Learn how to analyze financial data.', 2),
(25, 13, 'Public Speaking Basics', 'Introduction to public speaking skills.', 1),
(26, 13, 'Crafting Your Message', 'Learn how to craft an effective message.', 2),
(27, 14, 'Photography Basics', 'Understand the fundamentals of photography.', 1),
(28, 14, 'Editing Techniques', 'Learn basic photo editing techniques.', 2),
(29, 15, 'SQL Basics', 'Introduction to SQL and database management.', 1),
(30, 15, 'Writing SQL Queries', 'Learn how to write basic SQL queries.', 2),
(31, 16, 'Ethical Hacking Overview', 'Introduction to ethical hacking.', 1),
(32, 16, 'Penetration Testing', 'Learn about penetration testing techniques.', 2),
(33, 17, 'UX Design Principles', 'Understand the principles of user experience design.', 1),
(34, 17, 'User  Research Methods', 'Learn about different user research methods.', 2),
(35, 18, 'Social Media Strategies', 'Introduction to social media marketing strategies.', 1),
(36, 18, 'Content Creation', 'Learn how to create engaging content for social media.', 2),
(37, 19, 'Data Visualization Basics', 'Understand the basics of data visualization.', 1),
(38, 19, 'Using Visualization Tools', 'Learn how to use tools for data visualization.', 2),
(39, 20, 'Blockchain Fundamentals', 'Introduction to blockchain technology.', 1),
(40, 20, 'Smart Contracts', 'Learn about smart contracts and their applications.', 2),
(41, 21, 'Creative Writing Techniques', 'Explore techniques for creative writing.',2),
(42, 21, 'Character Development', 'Learn how to create compelling characters in your writing.', 2),
(43, 22, 'Microeconomics Basics', 'Introduction to microeconomic principles.', 1),
(44, 22, 'Macroeconomics Overview', 'Understand the basics of macroeconomics.', 2),
(45, 23, 'Statistics Fundamentals', 'Learn the basics of statistics and data analysis.', 1),
(46, 23, 'Descriptive Statistics', 'Explore descriptive statistics and their applications.', 2),
(47, 24, 'Philosophical Thought', 'Introduction to key philosophical concepts.', 1),
(48, 24, 'Ethics in Philosophy', 'Learn about ethical theories in philosophy.', 2),
(49, 25, 'Music Theory Basics', 'Understand the fundamentals of music theory.', 1),
(50, 25, 'Composition Techniques', 'Learn basic techniques for music composition.', 2);


INSERT INTO Assignments (assignment_id, course_id, title, description, due_date, max_marks) VALUES
(1, 1, 'Python Basics Assignment', 'Complete exercises on Python basics.', '2023-01-15', 100),
(2, 1, 'Data Types Assignment', 'Create a program that uses different data types.', '2023-01-22', 100),
(3, 2, 'Data Cleaning Project', 'Clean a dataset and prepare it for analysis.', '2023-01-20', 150),
(4, 2, 'Data Visualization Assignment', 'Visualize the cleaned data using charts.', '2023-01-27', 150),
(5, 3, 'HTML Project', 'Create a simple webpage using HTML.', '2023-01-15', 100),
(6, 3, 'CSS Styling Assignment', 'Style the webpage created in the HTML project.', '2023-01-22', 100),
(7, 4, 'Digital Marketing Plan', 'Create a digital marketing plan for a product.', '2023-01-20', 150),
(8, 4, 'SEO Analysis Assignment', 'Analyze the SEO of a website and suggest improvements.', '2023-01-27', 150),
(9, 5, 'Design Portfolio', 'Create a portfolio showcasing your design work.', '2023-01-15', 100),
(10, 5, 'Color Theory Project', 'Create a design project using color theory principles.', '2023-01-22', 100),
(11, 6, 'Machine Learning Model', 'Build a simple machine learning model.', '2023-01-20', 150),
(12, 6, 'Algorithm Analysis Assignment', 'Analyze the performance of different algorithms.', '2023-01-27', 150),
(13, 7, 'Mobile App Prototype', 'Create a prototype for a mobile app.', '2023-01-15', 100),
(14, 7, 'App Testing Assignment', 'Test the mobile app prototype and report findings.', '2023-01-22', 100),
(15, 8, 'Cybersecurity Report', 'Write a report on common cybersecurity threats.', '2023-01-20', 150),
(16, 8, 'Incident Response Plan', 'Create an incident response plan for a hypothetical breach.', '2023-01-27', 150),
(17, 9, 'Cloud Service Comparison', 'Compare different cloud service providers.', '2023-01-15', 100),
(18, 9, 'Cloud Security Assignment', 'Analyze the security features of a cloud service.', '2023-01-22', 100),
(19, 10, 'Project Proposal', 'Write a proposal for a project you want to manage.', '2023-01-20', 150),
(20, 10, 'Agile Sprint Plan', 'Create a sprint plan for an Agile project.', '2023-01-27', 150),
(21, 11, 'AI Application Project', 'Develop a simple application using AI.', '2023-01-15', 100),
(22, 11, 'AI Ethics Assignment', 'Write about ethical considerations in AI.', '2023-01-22', 100),
(23, 12, 'Financial Analysis Report', 'Analyze a company’s financial statements.', '2023-01-20', 150),
(24, 12, 'Budgeting Assignment', 'Create a budget for a hypothetical project.', '2023-01-27', 150),
(25, 13, 'Public Speaking Video', 'Record a video of your public speaking presentation.', '2023-01-15', 100),
(26, 13, 'Feedback Assignment', 'Provide feedback on a peer’s presentation.', '2023-01-22', 100),
(27, 14, 'Photography Portfolio', 'Create a portfolio of your best photographs.', '2023-01-20', 150),
(28, 14, 'Editing Assignment', 'Edit a set of photographs and present the results.', '2023-01-27', 150),
(29, 15, 'SQL Query Assignment', 'Write SQL queries to extract data from a database.', '2023-01-15', 100),
(30, 15, 'Database Design Project', 'Design a database schema for a given scenario.', '2023-01-22', 100),
(31, 16, 'Ethical Hacking Report', 'Write a report on ethical hacking practices.', '2023-01-20', 150),
(32, 16, 'Penetration Testing Assignment', 'Conduct a penetration test on a sample application.', '2023-01-27', 150),
(33, 17, 'UX Design Project', 'Create a UX design for a mobile app.', '2023-01-15', 100),
(34, 17, 'User  Testing Assignment', 'Conduct user testing and report findings.', '2023-01-22', 100),
(35, 18, 'Social Media Campaign', 'Design a social media campaign for a product.', '2023-01-20', 150),
(36, 18, 'Content Calendar Assignment', 'Create a content calendar for social media posts.', '2023-01-27', 150),
(37, 19, 'Data Visualization Project', 'Create a dashboard to visualize data.', '2023-01-15', 100),
(38, 19, 'Data Analysis Assignment', 'Analyze a dataset and present findings.', '2023-01-22', 100),
(39, 20, 'Blockchain Case Study', 'Write a case study on a blockchain application.', '2023-01-20', 150),
(40, 20, 'Smart Contract Assignment', 'Create a simple smart contract.', '2023-01-27', 150),
(41, 21, 'Creative Writing Story', 'Write a short story using creative writing techniques.', '2023-01-15', 100),
(42, 21, 'Character Development Assignment', 'Develop characters for a story.', '2023-01-22', 100),
(43, 22, 'Microeconomics Case Study', 'Analyze a case study using microeconomic principles.', '2023-01-20', 150),
(44, 22, 'Macroeconomic Report', 'Write a report on macroeconomic trends.', '2023-01-27', 150),
(45, 23, 'Statistics Project', 'Conduct a statistical analysis on a dataset.', '2023-01-15', 100),
(46, 23, 'Statistical Report Assignment', 'Write a report on your statistical findings.', '2023-01-22', 100),
(47, 24, 'Philosophical Essay', 'Write an essay on a philosophical topic of your choice.', '2023-01-20', 150),
(48, 24, 'Ethics Case Study', 'Analyze a case study from an ethical perspective.', '2023-01-27', 150),
(49, 25, 'Music Composition Assignment', 'Compose a piece of music using learned techniques.', '2023-01-15', 100),
(50, 25, 'Music Theory Quiz', 'Complete a quiz on music theory concepts.', '2023-01-22', 100);


INSERT INTO Submissions (submission_id, assignment_id, user_id, submission_date, file_path, marks_awarded) VALUES
(1, 1, 12, '2023-01-16', 'path/to/submission1.pdf', 90),
(2, 1, 5, '2023-01-17', 'path/to/submission2.pdf', 85),
(3, 2, 3, '2023-01-23', 'path/to/submission3.pdf', 95),
(4, 2, 19, '2023-01-24', 'path/to/submission4.pdf', 80),
(5, 3, 8, '2023-01-16', 'path/to/submission5.pdf', 88),
(6, 3, 14, '2023-01-17', 'path/to/submission6.pdf', 92),
(7, 4, 1, '2023-01-21', 'path/to/submission7.pdf', 85),
(8, 4, 6, '2023-01-22', 'path/to/submission8.pdf', 90),
(9, 5, 10, '2023-01-16', 'path/to/submission9.pdf', 95),
(10, 5, 4, '2023-01-17', 'path/to/submission10.pdf', 87),
(11, 6, 11, '2023-01-23', 'path/to/submission11.pdf', 90),
(12, 6, 2, '2023-01-24', 'path/to/submission12.pdf', 80),
(13, 7, 15, '2023-01-21', 'path/to/submission13.pdf', 88),
(14, 7, 9, '2023-01-22', 'path/to/submission14.pdf', 92),
(15, 8, 18, '2023-01-20', 'path/to/submission15.pdf', 85),
(16, 8, 7, '2023-01-21', 'path/to/submission16.pdf', 90),
(17, 9, 13, '2023-01-16', 'path/to/submission17.pdf', 95),
(18, 9, 20, '2023-01-17', 'path/to/submission18.pdf', 87),
(19, 10, 17, '2023-01-20', 'path/to/submission19.pdf', 90),
(20, 10, 22, '2023-01-21', 'path/to/submission20.pdf', 80),
(21, 11, 25, '2023-01-16', 'path/to/submission21.pdf', 88),
(22, 11, 30, '2023-01-17', 'path/to/submission22.pdf', 92),
(23, 12, 27, '2023-01-20', 'path/to/submission23.pdf', 85),
(24, 12, 29, '2023-01-21', 'path/to/submission24.pdf', 90),
(25, 13, 24, '2023-01-16', 'path/to/submission25.pdf', 95),
(26, 13, 16, '2023-01-17', 'path/to/submission26.pdf', 87),
(27, 14, 23, '2023-01-20', 'path/to/submission27.pdf', 90),
(28, 14, 26, '2023-01-21', 'path/to/submission28.pdf', 80),
(29, 15, 28, '2023-01-16', 'path/to/submission29.pdf', 88),
(30, 15, 12, '2023-01-17', 'path/to/submission30.pdf', 92),
(31, 16, 21, '2023-01-20', 'path/to/submission31.pdf', 85),
(32, 16, 15, '2023-01-21', 'path/to/submission32.pdf', 90),
(33, 17, 19, '2023-01-16', 'path/to/submission33.pdf', 95),
(34, 17, 14, '2023-01-17', 'path/to/submission34.pdf', 87),
(35, 18, 9, '2023-01-20', 'path/to/submission35.pdf', 90),
(36, 18, 3, '2023-01-21', 'path/to/submission36.pdf', 80),
(37, 19, 5, '2023-01-16', 'path/to/submission37.pdf', 88),
(38, 19, 11, '2023-01-17', 'path/to/submission38.pdf', 92),
(39, 20, 4, '2023-01-20', 'path/to/submission39.pdf', 85),
(40, 20, 2, '2023-01-21', 'path/to/submission40.pdf', 90),
(41, 21, 1, '2023-01-16', 'path/to/submission41.pdf', 95),
(42, 21, 8, '2023-01-17', 'path/to/submission42.pdf', 87),
(43, 22, 6, '2023-01-20', 'path/to/submission43.pdf', 90),
(44, 22, 7, '2023-01-21', 'path/to/submission44.pdf', 80),
(45, 23, 10, '2023-01-16', 'path/to/submission45.pdf', 88),
(46, 23, 12, '2023-01-17', 'path/to/submission46.pdf', 92),
(47, 24, 13, '2023-01-20', 'path/to/submission47.pdf', 85),
(48, 24, 18, '2023-01-21', 'path/to/submission48.pdf', 90),
(49, 25, 20, '2023-01-16', 'path/to/submission49.pdf', 95),
(50, 25, 30, '2023-01-17', 'path/to/submission50.pdf', 87);

INSERT INTO Reviews (review_id, user_id, course_id, rating, review_text, review_date) VALUES
(1, 12, 1, 5, 'Excellent course! Very informative.', '2023-01-20'),
(2, 5, 2, 4, 'Good introduction to data science.', '2023-01-21'),
(3, 3, 3, 5, 'Loved the hands-on projects!', '2023-01-22'),
(4, 19, 4, 3, 'Average course, could be better.', '2023-01-23'),
(5, 10, 5, 4, 'Great design principles covered.', '2023-01-24'),
(6, 8, 6, 5, 'Machine learning basics were well explained.', '2023-01-25'),
(7, 1, 7, 4, 'Good course, but a bit lengthy.', '2023-01-26'),
(8, 6, 8, 5, 'Very relevant to current cybersecurity issues.', '2023-01-27'),
(9, 14, 9, 4, 'Cloud computing concepts were clear.', '2023-01-28'),
(10, 4, 10, 5, 'Project management essentials were very useful.', '2023-01-29'),
(11, 11, 11, 4, 'AI concepts were well presented.', '2023-01-30'),
(12, 2, 12, 5, 'Financial analysis was very practical.', '2023-01-31'),
(13, 15, 13, 4, 'Public speaking tips were helpful.', '2023-02-01'),
(14, 9, 14, 5, 'Photography basics were well covered.', '2023-02-02'),
(15, 18, 15, 4, 'SQL was explained in a simple way.', '2023-02-03'),
(16, 7, 16, 5, 'Ethical hacking was fascinating.', '2023-02-04'),
(17, 20, 17, 4, 'UX design principles were insightful.', '2023-02-05'),
(18, 3, 18, 5, 'Social media marketing strategies were effective.', '2023-02-06'),
(19, 13, 19, 4, 'Data visualization techniques were useful.', '2023-02-07'),
(20, 17, 20, 5, 'Blockchain fundamentals were well explained.', '2023-02-08'),
(21, 22, 21, 4, 'Creative writing techniques were engaging.', '2023-02-09'),
(22, 1, 22, 5, 'Economics concepts were clear and concise.', '2023-02-10'),
(23, 5, 23, 4, 'Statistics were well covered.', '2023-02-11'),
(24, 6, 24, 5, 'Philosophy topics were thought-provoking.', '2023-02-12'),
(25, 8, 25, 4, 'Music theory was explained well.', '2023-02-13'),
(26, 12, 26, 5, 'Game development was exciting!', '2023-02-14'),
(27, 14, 27, 4, 'Robotics basics were interesting.', '2023-02-15'),
(28, 19, 28, 5, 'Data analysis was very practical.', '2023-02-16'),
(29, 3, 29, 4, 'Web design principles were clear.', '2023-02-17'),
(30, 11, 30, 5, 'AI applications were fascinating.', '2023-02-18'),
(31, 15, 31, 4, 'Digital art techniques were engaging.', '2023-02-19'),
(32, 20, 32, 5, 'Data mining techniques were well explained.', '2023-02-20'),
(33, 4, 33, 4, 'Cybersecurity fundamentals were useful.', '2023-02-21'),
(34, 2, 34, 5, 'Cloud security was very relevant.', '2023-02-22'),
(35, 10, 35, 4, 'Agile methodologies were well covered.', '2023-02-23'),
(36, 6, 36, 5, 'Data ethics were thought-provoking.', '2023-02-24'),
(37, 8, 37, 4, 'E-commerce strategies were practical.', '2023-02-25'),
(38, 12, 38, 5, 'SEO techniques were very useful.', '2023-02-26'),
(39, 14, 39, 4, 'Nonprofit management was insightful.', '2023-02-27'),
(40, 18, 40, 5, 'Supply chain management was well explained.', '2023-02-28'),
(41, 22, 41, 4, 'Business analytics were practical.', '2023-03-01'),
(42, 1, 42, 5, 'HR management was very informative.', '2023-03-02'),
(43, 5, 43, 4, 'International relations were well covered.', '2023-03-03'),
(44, 6, 44, 5, 'Environmental science was engaging.', '2023-03-04'),
(45, 8, 45, 4, 'Sociology concepts were clear.', '2023-03-05'),
(46, 12, 46, 5, 'Anthropology basics were interesting.', '2023-03-06'),
(47, 14, 47, 4, 'Political science topics were insightful.', '2023-03-07'),
(48, 19, 48, 5, 'History was well presented.', '2023-03-08'),
(49, 3, 49, 4, 'Literature analysis was engaging.', '2023-03-09'),
(50, 11, 50, 5, 'Creative coding was fun!', '2023-03-10');

INSERT INTO Payments (payment_id, user_id, course_id, amount, payment_date, payment_status) VALUES
(1, 12, 1, 199.99, '2023-01-01', 'completed'),
(2, 5, 2, 299.99, '2023-01-02', 'completed'),
(3, 3, 3, 399.99, '2023-01-03', 'completed'),
(4, 19, 4, 249.99, '2023-01-04', 'completed'),
(5, 10, 5, 199.99, '2023-01-05', 'completed'),
(6, 8, 6, 349.99, '2023-01-06', 'completed'),
(7, 1, 7, 499.99, '2023-01-07', 'completed'),
(8, 6, 8, 299.99, '2023-01-08', 'completed'),
(9, 14, 9, 249.99, '2023-01-09', 'completed'),
(10, 4, 10, 199.99, '2023-01-10', 'completed'),
(11, 11, 11, 399.99, '2023-01-11', 'completed'),
(12, 2, 12, 299.99, '2023-01-12', 'completed'),
(13, 15, 13, 199.99, '2023-01-13', 'completed'),
(14, 9, 14, 149.99, '2023-01-14', 'completed'),
(15, 18, 15, 199.99, '2023-01-15', 'completed'),
(16, 7, 16, 399.99, '2023-01-16', 'completed'),
(17, 20, 17, 299.99, '2023-01-17', 'completed'),
(18, 3, 18, 249.99, '2023-01-18', 'completed'),
(19, 13, 19, 299.99, '2023-01-19', 'completed'),
(20, 17, 20, 349.99, '2023-01-20', 'completed'),
(21, 22, 21, 199.99, '2023-01-21', 'completed'),
(22, 1, 22, 199.99, '2023-01-22', 'completed'),
(23, 5, 23, 249.99, '2023-01-23', 'completed'),
(24, 6, 24, 149.99, '2023-01-24', 'completed'),
(25, 8, 25, 199.99, '2023-01-25', 'completed'),
(26, 12, 26, 499.99, '2023-01-26', 'completed'),
(27, 14, 27, 349.99, '2023-01-27', 'completed'),
(28, 19, 28, 199.99, '2023-01-28', 'completed'),
(29, 3, 29, 249.99, '2023-01-29', 'completed'),
(30, 11, 30, 399.99, '2023-01-30', 'completed'),
(31, 15, 31, 199.99, '2023-01-31', 'completed'),
(32, 22, 32, 299.99, '2023-02-01', 'completed'),
(33, 1, 33, 349.99, '2023-02-02', 'completed'),
(34, 2, 34, 299.99, '2023-02-03', 'completed'),
(35, 10, 35, 199.99, '2023-02-04', 'completed'),
(36, 6, 36, 249.99, '2023-02-05', 'completed'),
(37, 8, 37, 199.99, '2023-02-06', 'completed'),
(38, 12, 38, 199.99, '2023-02-07', 'completed'),
(39, 14, 39, 249.99, '2023-02-08', 'completed'),
(40, 18, 40, 299.99, '2023-02-09', 'completed'),
(41, 22, 41, 299.99, '2023-02-10', 'completed'),
(42, 1, 42, 199.99, '2023-02-11', 'completed'),
(43, 5, 43, 199.99, '2023-02-12', 'completed'),
(44, 6, 44, 249.99, '2023-02-13', 'completed'),
(45, 8, 45, 199.99, '2023-02-14', 'completed'),
(46, 12, 46, 149.99, '2023-02-15', 'completed'),
(47, 14, 47, 199.99, '2023-02-16', 'completed'),
(48, 19, 48, 199.99, '2023-02-17', 'completed'),
(49, 3, 49, 199.99, '2023-02-18', 'completed'),
(50, 11, 50, 299.99, '2023-02-19', 'completed');

INSERT INTO Categories (category_id, category_name) VALUES
(1, 'Computer Science'),
(2, 'Data Science'),
(3, 'Web Development'),
(4, 'Marketing'),
(5, 'Design'),
(6, 'AI'),
(7, 'Finance'),
(8, 'Communication'),
(9, 'Art'),
(10, 'Database'),
(11, 'Cybersecurity'),
(12, 'Mobile Development'),
(13, 'Game Development'),
(14, 'Robotics'),
(15, 'E-commerce'),
(16, 'Management'),
(17, 'Political Science'),
(18, 'Social Science'),
(19, 'History'),
(20, 'Literature'),
(21, 'Philosophy'),
(22, 'Music'),
(23, 'Cloud Computing'),
(24, 'Blockchain'),
(25, 'Statistics'),
(26, 'Human Resources'),
(27, 'Environmental Science'),
(28, 'Sociology'),
(29, 'Anthropology'),
(30, 'International Relations');

INSERT INTO Notifications (notification_id, user_id, message, created_date, notification_status) VALUES
(1, 12, 'Your assignment has been graded.', '2023-01-15', 'unread'),
(2, 5, 'New course available: Data Science Essentials.', '2023-01-16', 'unread'),
(3, 3, 'Your payment was successful.', '2023-01-17', 'read'),
(4, 19, 'Reminder: Assignment due soon.', '2023-01-18', 'unread'),
(5, 10, 'New review posted for your course.', '2023-01-19', 'read'),
(6, 8, 'Your course has been updated.', '2023-01-20', 'unread'),
(7, 1, 'You have a new message from your instructor.', '2023-01-21', 'unread'),
(8, 6, 'Your course enrollment is confirmed.', '2023-01-22', 'read'),
(9, 14, 'New resources added to your course.', '2023-01-23', 'unread'),
(10, 4, 'Your feedback is appreciated!', '2023-01-24', 'read'),
(11, 11, 'Your assignment has been graded.', '2023-01-25', 'unread'),
(12, 2, 'New course available: Machine Learning Basics.', '2023-01-26', 'unread'),
(13, 15, 'Your payment was successful.', '2023-01-27', 'read'),
(14, 9, 'Reminder: Assignment due soon.', '2023-01-28', 'unread'),
(15, 18, 'New review posted for your course.', '2023-01-29', 'read'),
(16, 7, 'Your course has been updated.', '2023-01-30', 'unread'),
(17, 20, 'You have a new message from your instructor.', '2023-01-31', 'unread'),
(18, 3, 'Your course enrollment is confirmed.', '2023-02-01', 'read'),
(19, 13, 'New resources added to your course.', '2023-02-02', 'unread'),
(20, 17, 'Your feedback is appreciated!', '2023-02-03', 'read'),
(21, 22, 'Your assignment has been graded.', '2023-02-04', 'unread'),
(22, 1, 'New course available: Web Development Bootcamp.', '2023-02-05', 'unread'),
(23, 5, 'Your payment was successful.', '2023-02-06', 'read'),
(24, 19, 'Reminder: Assignment due soon.', '2023-02-07', 'unread'),
(25, 10, 'New review posted for your course.', '2023-02-08', 'read'),
(26, 6, 'Your course has been updated.', '2023-02-09', 'unread'),
(27, 14, 'You have a new message from your instructor.', '2023-02-10', 'unread'),
(28, 3, 'Your course enrollment is confirmed.', '2023-02-11', 'read'),
(29, 13, 'New resources added to your course.', '2023-02-12', 'unread'),
(30, 17, 'Your feedback is appreciated!', '2023-02-13', 'read'),
(31, 22, 'Your assignment has been graded.', '2023-02-14', 'unread'),
(32, 1, 'New course available: Digital Marketing Strategies.', '2023-02-15', 'unread'),
(33, 5, 'Your payment was successful.', '2023-02-16', 'read'),
(34, 19, 'Reminder: Assignment due soon.', '2023-02-17', 'unread'),
(35, 10, 'New review posted for your course.', '2023-02-18', 'read'),
(36, 6, 'Your course has been updated.', '2023-02-19', 'unread'),
(37, 14, 'You have a new message from your instructor.', '2023-02-20', 'unread'),
(38, 3, 'Your course enrollment is confirmed.', '2023-02-21', 'read'),
(39, 13, 'New resources added to your course.', '2023-02-22', 'unread'),
(40, 17, 'Your feedback is appreciated!', '2023-02-23', 'read'),
(41, 22, 'Your assignment has been graded.', '2023-02-24', 'unread'),
(42, 1, 'New course available: Graphic Design Fundamentals.', '2023-02-25', 'unread'),
(43, 5, 'Your payment was successful.', '2023-02-26', 'read'),
(44, 19, 'Reminder: Assignment due soon.', '2023-02-27', 'unread'),
(45, 10, 'New review posted for your course.', '2023-02-28', 'read'),
(46, 6, 'Your course has been updated.', '2023-03-01', 'unread'),
(47, 14, 'You have a new message from your instructor.', '2023-03-02', 'unread'),
(48, 3, 'Your course enrollment is confirmed.', '2023-03-03', 'read'),
(49, 13, 'New resources added to your course.', '2023-03-04', 'unread'),
(50, 17, 'Your feedback is appreciated!', '2023-03-05', 'read');


INSERT INTO Forums (forum_name, description, created_by) VALUES
('General Discussion', 'A place for general discussions about courses.', 1),
('Programming Help', 'Get help with programming-related questions.', 2),
('Data Science', 'Discuss data science topics and share resources.', 3),
('Web Development', 'Share web development tips and tricks.', 4),
('Machine Learning', 'Discuss machine learning concepts and projects.', 5),
('Database Management', 'Talk about databases and SQL queries.', 6),
('Mobile Development', 'Share mobile app development experiences.', 7),
('Cybersecurity', 'Discuss cybersecurity threats and solutions.', 8),
('Cloud Computing', 'Talk about cloud services and technologies.', 9),
('Digital Marketing', 'Share digital marketing strategies and insights.', 10);


INSERT INTO Forum_Posts (forum_id, user_id, post_content) VALUES
(1, 1, 'Welcome to the General Discussion forum!'),
(1, 2, 'What courses are you currently taking?'),
(2, 3, 'I need help with a Python error.'),
(2, 4, 'Check your syntax and indentation.'),
(3, 5, 'What are the best resources for learning data science?'),
(3, 6, 'I recommend starting with online courses.'),
(4, 7, 'How do I deploy my web application?'),
(4, 8, 'You can use platforms like Heroku or AWS.'),
(5, 9, 'What machine learning algorithms should I learn first?'),
(5, 10, 'Start with linear regression and decision trees.');

INSERT INTO Subjects (subject_name, description) VALUES
('Python Programming', 'Learn the basics of Python programming.'),
('Data Science', 'Introduction to data science concepts.'),
('Web Development', 'Learn HTML, CSS, and JavaScript.'),
('Machine Learning', 'Understanding machine learning algorithms.'),
('Database Management', 'Learn about SQL and database design.'),
('Mobile Development', 'Creating apps for mobile devices.'),
('Cybersecurity', 'Introduction to cybersecurity principles.'),
('Cloud Computing', 'Understanding cloud services and deployment.'),
('Digital Marketing', 'Learn digital marketing strategies.'),
('Graphic Design', 'Fundamentals of graphic design.');


INSERT INTO Course_Subjects (course_id, subject_id) VALUES
(1, 1),  -- Introduction to Programming with Python Programming
(1, 2),  -- Introduction to Programming with Data Science
(2, 3),  -- Data Science Fundamentals with Web Development
(3, 4),  -- Web Development Bootcamp with Machine Learning
(4, 5),  -- Machine Learning Basics with Database Management
(5, 6),  -- Database Management Systems with Mobile Development
(6, 7),  -- Mobile App Development with Cybersecurity
(7, 8),  -- Cybersecurity Essentials with Cloud Computing
(8, 9),  -- Cloud Computing with Digital Marketing
(9, 10); -- Digital Marketing with Graphic Design

select * from Course_Subjects;